{"cameraMode":{"drawMode":0,"name":"Shaded","section":"Shading Mode"},"sceneLighting":false,"audioPlay":false,"sceneViewState":{"showFog":false,"showMaterialUpdate":false,"showSkybox":false,"showFlares":false,"showImageEffects":false,"showParticleSystems":false},"in2DMode":false,"pivot":{"x":-0.18020805716514588,"y":1.5440402030944825,"z":-1.701373815536499},"rotation":{"x":0.4190859794616699,"y":0.16481845080852509,"z":-0.08257059752941132,"w":0.8890388011932373},"size":9.418004989624024,"orthographic":true}